name,email
Reinwald Minchi,rminchi0@alexa.com
Sholom Clurow,sclurow1@barnesandnoble.com
Arie Cragell,acragell2@furl.net
Eva Trassler,etrassler3@ask.com
Pier Lawey,plawey4@wufoo.com
Kissee De Ferraris,kde5@loc.gov
Harrison Wardlow,hwardlow6@state.tx.us
Jeniffer Giannoni,jgiannoni7@rambler.ru
Mabelle Godfree,mgodfree8@telegraph.co.uk
Dru Dunkirk,ddunkirk9@discuz.net
Aurore Layburn,alayburna@list-manage.com
Washington Groombridge,wgroombridgeb@pen.io
Gerrard Moules,gmoulesc@usnews.com
Gussi Cawood,gcawoodd@etsy.com
Waylin Wiltsher,wwiltshere@so-net.ne.jp
Lexis Ellesworthe,lellesworthef@unblog.fr
Prue Renfield,prenfieldg@techcrunch.com
Tisha Branche,tbrancheh@wp.com
Ivett Schimann,ischimanni@t-online.de
Katina Neame,kneamej@archive.org
Hillary Dunge,hdungek@hugedomains.com
Philis Smalles,psmallesl@goodreads.com
Daisie Wyllcocks,dwyllcocksm@npr.org
Lilias Powley,lpowleyn@pcworld.com
Susy Towell,stowello@qq.com
Richmound Mills,rmillsp@foxnews.com
Melody Lyfe,mlyfeq@youtu.be
Bab Selborne,bselborner@ed.gov
Dennet Chaytor,dchaytors@youtube.com
Cari Ebbens,cebbenst@craigslist.org
Olwen Milkin,omilkinu@npr.org
Allistir Folger,afolgerv@xing.com
Shayla Durno,sdurnow@webeden.co.uk
Say Rawood,srawoodx@is.gd
Mackenzie McEachern,mmceacherny@flickr.com
Darcy Matevosian,dmatevosianz@sogou.com
Gloriane Ennor,gennor10@senate.gov
Chrisy Scatchar,cscatchar11@usgs.gov
Ase Buckenhill,abuckenhill12@fotki.com
Darci Batrim,dbatrim13@nature.com
Cad Lainge,clainge14@w3.org
Damien Camies,dcamies15@loc.gov
Felita Stone,fstone16@bluehost.com
Erv Jerzak,ejerzak17@kickstarter.com
Judi Rochford,jrochford18@bizjournals.com
Barrie Smalecombe,bsmalecombe19@nifty.com
Lynda Cassel,lcassel1a@ezinearticles.com
Court Isley,cisley1b@nbcnews.com
Arney Mawdsley,amawdsley1c@vimeo.com
Purcell Donegan,pdonegan1d@webnode.com
Franky Swyre,fswyre1e@gnu.org
Agnese Vaneev,avaneev1f@de.vu
Nerta Greenier,ngreenier1g@census.gov
Burt Bassford,bbassford1h@patch.com
Haley Allmark,hallmark1i@icq.com
Garik Shearer,gshearer1j@e-recht24.de
Torin Belcham,tbelcham1k@dailymail.co.uk
Katrina Mc Andrew,kmc1l@github.io
Cord Scruby,cscruby1m@jimdo.com
Josey Onn,jonn1n@themeforest.net
Coreen Huckel,chuckel1o@ebay.co.uk
Clarette Milborn,cmilborn1p@biglobe.ne.jp
Danit Beardall,dbeardall1q@blogspot.com
Titus Hiddsley,thiddsley1r@yahoo.com
Karisa Yellowley,kyellowley1s@feedburner.com
Francyne Lebbon,flebbon1t@blog.com
Fonzie Kilcoyne,fkilcoyne1u@macromedia.com
Rosette Andrassy,randrassy1v@altervista.org
Mandie Sopp,msopp1w@utexas.edu
Ninnetta Beynke,nbeynke1x@1688.com
Fionnula Blonden,fblonden1y@geocities.com
Emery Roft,eroft1z@prnewswire.com
Biddy Clinton,bclinton20@constantcontact.com
Lucais Findlow,lfindlow21@uol.com.br
Aili Hardinge,ahardinge22@themeforest.net
Grace Biasio,gbiasio23@berkeley.edu
Ferdinande Newlin,fnewlin24@rakuten.co.jp
Gilemette Franchioni,gfranchioni25@java.com
Tiler Beedon,tbeedon26@seattletimes.com
Lonna Sagg,lsagg27@soup.io
Dniren Sebrook,dsebrook28@behance.net
Cleavland Berkley,cberkley29@reuters.com
Rosalie Tregea,rtregea2a@redcross.org
Maisie Abrehart,mabrehart2b@godaddy.com
Taber McChesney,tmcchesney2c@stanford.edu
Eleanore Jouaneton,ejouaneton2d@unblog.fr
Kayley Uden,kuden2e@archive.org
Dorie Tucknott,dtucknott2f@google.com.au
Remus Chisman,rchisman2g@1688.com
Jacqueline Litt,jlitt2h@desdev.cn
Kienan Francois,kfrancois2i@de.vu
Jemie Jotham,jjotham2j@hugedomains.com
Tremain Geeson,tgeeson2k@macromedia.com
Thadeus Shapcote,tshapcote2l@economist.com
Lisette Percival,lpercival2m@google.es
Hube Gulland,hgulland2n@is.gd
Cody Cashen,ccashen2o@ocn.ne.jp
Zarah Faragan,zfaragan2p@gmpg.org
Ashla Gyves,agyves2q@smugmug.com
Mirabel Abbe,mabbe2r@yandex.ru
Jacob Cheatley,jacobcheatley@gmail.com